{"cameraMode":{"drawMode":0,"name":"Shaded","section":"Shading Mode"},"sceneLighting":true,"audioPlay":false,"sceneViewState":{"m_AlwaysRefresh":false,"showFog":true,"showSkybox":true,"showFlares":true,"showImageEffects":true,"showParticleSystems":true,"showVisualEffectGraphs":true,"m_FxEnabled":true},"in2DMode":false,"pivot":{"x":10.015134811401368,"y":-0.016357773914933206,"z":0.002156300703063607},"rotation":{"x":0.5121170878410339,"y":-0.06557450443506241,"z":0.03925342857837677,"w":0.8555075526237488},"size":306.45751953125,"orthographic":true}