{"cameraMode":{"drawMode":0,"name":"Shaded","section":"Shading Mode"},"sceneLighting":true,"audioPlay":false,"sceneViewState":{"m_AlwaysRefresh":false,"showFog":true,"showSkybox":true,"showFlares":true,"showImageEffects":true,"showParticleSystems":true,"showVisualEffectGraphs":true,"m_FxEnabled":true},"in2DMode":false,"pivot":{"x":10.00110149383545,"y":-0.02172563411295414,"z":-0.20966461300849915},"rotation":{"x":0.07691681385040283,"y":-0.43283703923225405,"z":0.037097956985235217,"w":0.897418200969696},"size":0.08096903562545777,"orthographic":true}